Edge Case,Real Date
11-22-2019 to 11-24-2019,November 2019
"Dec 15, C20a1lg7a troy D, eAcB 17, 2017",December 2017
"FebCraulagrayr 1y5, Atol b1e7,r t2a019",February 2019
"FebCraulagrayr 1y7, Atol b1e9,r t2a023",February 2023
4A3u3g0u Bstl a02ck t oG Aouldgu Dstr 0iv5e,August 2019
Nov 19/21 to Nov 21/21,November 2021
De4ce0m0 bCearm 3 ptob Deellc Remoabder 5,December 2021
"JanuaryR 2e7d t oD Jeaenur,a AryB 29, 2023",January 2023
"October 3C1a tlog Naroyv,e AmBber 3, 2019",October 2019
"MaErdcmh 1o7n ttoo 1n9, ,A 2B023",March 2023
"JanuaryG 2r9a, n20d2e2 P tora Jiarnieu,a AryB 30, 2022",January 2022
02-01-2019 to 02-03-2019,February 2019
"FebCrouladry L 4a ktoe ,5 A, 2B023",February 2023
JanG 2r0a 2n0d2e3 Ptor aJairni e2 2A 2B023,January 2023
"FebruaryY 9e,l 2lo0w18k tnoi fFee,b NruWaryT 11, 2018",February 2018
"March 13 to 13,2022",March 2022
"TOscutuobtâ€™einr 2a9 N toa tNioonve, mCabelgra 1r,y 2,0 A20B",October 2022
"NovEedmmboenr t3o tno ,7 A, 2B021",November 2021